Workbook

Sheet boss_ship_64x64_packed
B1: 255 | C1: 255 | D1: 255 | E1: 255 | F1: 255 | G1: 255 | H1: 255 | I1: 255 | J1: 255 | K1: 255 | L1: 255 | M1: 255 | N1: 255 | O1: 255 | P1: 255 | Q1: 255
B2: 255 | C2: 255 | D2: 255 | E2: 255 | F2: 255 | G2: 255 | H2: 255 | I2: 255 | J2: 255 | K2: 240 | L2: 255 | M2: 255 | N2: 255 | O2: 255 | P2: 255 | Q2: 255
B3: 255 | C3: 255 | D3: 255 | E3: 255 | F3: 255 | G3: 255 | H3: 255 | I3: 255 | J3: 255 | K3: 3 | L3: 255 | M3: 255 | N3: 255 | O3: 255 | P3: 255 | Q3: 255
B4: 255 | C4: 255 | D4: 255 | E4: 255 | F4: 255 | G4: 255 | H4: 255 | I4: 255 | J4: 255 | K4: 255 | L4: 255 | M4: 255 | N4: 255 | O4: 255 | P4: 255 | Q4: 255
B5: 255 | C5: 255 | D5: 255 | E5: 255 | F5: 255 | G5: 255 | H5: 255 | I5: 255 | J5: 42 | K5: 63 | L5: 255 | M5: 255 | N5: 255 | O5: 255 | P5: 255 | Q5: 255
B6: 255 | C6: 255 | D6: 255 | E6: 255 | F6: 255 | G6: 255 | H6: 255 | I6: 252 | J6: 0 | K6: 255 | L6: 255 | M6: 255 | N6: 255 | O6: 254 | P6: 255 | Q6: 255
B7: 255 | C7: 255 | D7: 255 | E7: 255 | F7: 255 | G7: 255 | H7: 255 | I7: 240 | J7: 15 | K7: 255 | L7: 255 | M7: 238 | N7: 239 | O7: 255 | P7: 255 | Q7: 255
B8: 255 | C8: 255 | D8: 255 | E8: 255 | F8: 255 | G8: 254 | H8: 252 | I8: 0 | J8: 0 | K8: 0 | L8: 0 | M8: 0 | N8: 0 | O8: 15 | P8: 255 | Q8: 255
B9: 255 | C9: 255 | D9: 255 | E9: 255 | F9: 255 | G9: 255 | H9: 207 | I9: 255 | J9: 255 | K9: 255 | L9: 255 | M9: 255 | N9: 255 | O9: 255 | P9: 255 | Q9: 255
B10: 255 | C10: 255 | D10: 255 | E10: 255 | F10: 255 | G10: 255 | H10: 255 | I10: 0 | J10: 223 | K10: 252 | L10: 0 | M10: 255 | N10: 192 | O10: 63 | P10: 255 | Q10: 255
B11: 255 | C11: 255 | D11: 255 | E11: 255 | F11: 255 | G11: 255 | H11: 255 | I11: 0 | J11: 31 | K11: 252 | L11: 0 | M11: 63 | N11: 192 | O11: 15 | P11: 255 | Q11: 255
B12: 255 | C12: 255 | D12: 255 | E12: 255 | F12: 255 | G12: 255 | H12: 253 | I12: 0 | J12: 53 | K12: 92 | L12: 0 | M12: 93 | N12: 64 | O12: 31 | P12: 255 | Q12: 255
... B32: 255 | C32: 255 | D32: 255 | E32: 191 | F32: 255 | G32: 255 | H32: 255 | I32: 255 | J32: 255 | K32: 255 | L32: 255 | M32: 255 | N32: 255 | O32: 255 | P32: 255 | Q32: 255
A34: db | B34: =TEXT(VLOOKUP(B1,Sheet1!$A$2:$L$257,12,FALSE),"0#")&"," -> 0, | C34: =TEXT(VLOOKUP(C1,Sheet1!$A$2:$L$257,12,FALSE),"0#")&"," -> 0, | D34: =TEXT(VLOOKUP(D1,Sheet1!$A$2:$L$257,12,FALSE),"0#")&"," -> 0, | E34: =TEXT(VLOOKUP(E1,Sheet1!$A$2:$L$257,12,FALSE),"0#")&"," -> 0, | F34: =TEXT(VLOOKUP(F1,Sheet1!$A$2:$L$257,12,FALSE),"0#")&"," -> 0, | G34: =TEXT(VLOOKUP(G1,Sheet1!$A$2:$L$257,12,FALSE),"0#")&"," -> 0, | H34: =TEXT(VLOOKUP(H1,Sheet1!$A$2:$L$257,12,FALSE),"0#")&"," -> 0, | I34: =TEXT(VLOOKUP(I1,Sheet1!$A$2:$L$257,12,FALSE),"0#")&"," -> 0, | ... P34: =TEXT(VLOOKUP(P1,Sheet1!$A$2:$L$257,12,FALSE),"0#")&"," -> 0, | Q34: =TEXT(VLOOKUP(Q1,Sheet1!$A$2:$L$257,12,FALSE),"0#") -> 0
A35: db | B35: =TEXT(VLOOKUP(B2,Sheet1!$A$2:$L$257,12,FALSE),"0#")&"," -> 0, | C35: =TEXT(VLOOKUP(C2,Sheet1!$A$2:$L$257,12,FALSE),"0#")&"," -> 0, | D35: =TEXT(VLOOKUP(D2,Sheet1!$A$2:$L$257,12,FALSE),"0#")&"," -> 0, | E35: =TEXT(VLOOKUP(E2,Sheet1!$A$2:$L$257,12,FALSE),"0#")&"," -> 0, | F35: =TEXT(VLOOKUP(F2,Sheet1!$A$2:$L$257,12,FALSE),"0#")&"," -> 0, | G35: =TEXT(VLOOKUP(G2,Sheet1!$A$2:$L$257,12,FALSE),"0#")&"," -> 0, | H35: =TEXT(VLOOKUP(H2,Sheet1!$A$2:$L$257,12,FALSE),"0#")&"," -> 0, | I35: =TEXT(VLOOKUP(I2,Sheet1!$A$2:$L$257,12,FALSE),"0#")&"," -> 0, | ... P35: =TEXT(VLOOKUP(P2,Sheet1!$A$2:$L$257,12,FALSE),"0#")&"," -> 0, | Q35: =TEXT(VLOOKUP(Q2,Sheet1!$A$2:$L$257,12,FALSE),"0#") -> 0
A36: db | B36: =TEXT(VLOOKUP(B3,Sheet1!$A$2:$L$257,12,FALSE),"0#")&"," -> 0, | C36: =TEXT(VLOOKUP(C3,Sheet1!$A$2:$L$257,12,FALSE),"0#")&"," -> 0, | D36: =TEXT(VLOOKUP(D3,Sheet1!$A$2:$L$257,12,FALSE),"0#")&"," -> 0, | E36: =TEXT(VLOOKUP(E3,Sheet1!$A$2:$L$257,12,FALSE),"0#")&"," -> 0, | F36: =TEXT(VLOOKUP(F3,Sheet1!$A$2:$L$257,12,FALSE),"0#")&"," -> 0, | G36: =TEXT(VLOOKUP(G3,Sheet1!$A$2:$L$257,12,FALSE),"0#")&"," -> 0, | H36: =TEXT(VLOOKUP(H3,Sheet1!$A$2:$L$257,12,FALSE),"0#")&"," -> 0, | I36: =TEXT(VLOOKUP(I3,Sheet1!$A$2:$L$257,12,FALSE),"0#")&"," -> 0, | ... P36: =TEXT(VLOOKUP(P3,Sheet1!$A$2:$L$257,12,FALSE),"0#")&"," -> 0, | Q36: =TEXT(VLOOKUP(Q3,Sheet1!$A$2:$L$257,12,FALSE),"0#") -> 0
A37: db | B37: =TEXT(VLOOKUP(B4,Sheet1!$A$2:$L$257,12,FALSE),"0#")&"," -> 0, | C37: =TEXT(VLOOKUP(C4,Sheet1!$A$2:$L$257,12,FALSE),"0#")&"," -> 0, | D37: =TEXT(VLOOKUP(D4,Sheet1!$A$2:$L$257,12,FALSE),"0#")&"," -> 0, | E37: =TEXT(VLOOKUP(E4,Sheet1!$A$2:$L$257,12,FALSE),"0#")&"," -> 0, | F37: =TEXT(VLOOKUP(F4,Sheet1!$A$2:$L$257,12,FALSE),"0#")&"," -> 0, | G37: =TEXT(VLOOKUP(G4,Sheet1!$A$2:$L$257,12,FALSE),"0#")&"," -> 0, | H37: =TEXT(VLOOKUP(H4,Sheet1!$A$2:$L$257,12,FALSE),"0#")&"," -> 0, | I37: =TEXT(VLOOKUP(I4,Sheet1!$A$2:$L$257,12,FALSE),"0#")&"," -> 0, | ... P37: =TEXT(VLOOKUP(P4,Sheet1!$A$2:$L$257,12,FALSE),"0#")&"," -> 0, | Q37: =TEXT(VLOOKUP(Q4,Sheet1!$A$2:$L$257,12,FALSE),"0#") -> 0
A38: db | B38: =TEXT(VLOOKUP(B5,Sheet1!$A$2:$L$257,12,FALSE),"0#")&"," -> 0, | C38: =TEXT(VLOOKUP(C5,Sheet1!$A$2:$L$257,12,FALSE),"0#")&"," -> 0, | D38: =TEXT(VLOOKUP(D5,Sheet1!$A$2:$L$257,12,FALSE),"0#")&"," -> 0, | E38: =TEXT(VLOOKUP(E5,Sheet1!$A$2:$L$257,12,FALSE),"0#")&"," -> 0, | F38: =TEXT(VLOOKUP(F5,Sheet1!$A$2:$L$257,12,FALSE),"0#")&"," -> 0, | G38: =TEXT(VLOOKUP(G5,Sheet1!$A$2:$L$257,12,FALSE),"0#")&"," -> 0, | H38: =TEXT(VLOOKUP(H5,Sheet1!$A$2:$L$257,12,FALSE),"0#")&"," -> 0, | I38: =TEXT(VLOOKUP(I5,Sheet1!$A$2:$L$257,12,FALSE),"0#")&"," -> 0, | ... P38: =TEXT(VLOOKUP(P5,Sheet1!$A$2:$L$257,12,FALSE),"0#")&"," -> 0, | Q38: =TEXT(VLOOKUP(Q5,Sheet1!$A$2:$L$257,12,FALSE),"0#") -> 0
A39: db | B39: =TEXT(VLOOKUP(B6,Sheet1!$A$2:$L$257,12,FALSE),"0#")&"," -> 0, | C39: =TEXT(VLOOKUP(C6,Sheet1!$A$2:$L$257,12,FALSE),"0#")&"," -> 0, | D39: =TEXT(VLOOKUP(D6,Sheet1!$A$2:$L$257,12,FALSE),"0#")&"," -> 0, | E39: =TEXT(VLOOKUP(E6,Sheet1!$A$2:$L$257,12,FALSE),"0#")&"," -> 0, | F39: =TEXT(VLOOKUP(F6,Sheet1!$A$2:$L$257,12,FALSE),"0#")&"," -> 0, | G39: =TEXT(VLOOKUP(G6,Sheet1!$A$2:$L$257,12,FALSE),"0#")&"," -> 0, | H39: =TEXT(VLOOKUP(H6,Sheet1!$A$2:$L$257,12,FALSE),"0#")&"," -> 0, | I39: =TEXT(VLOOKUP(I6,Sheet1!$A$2:$L$257,12,FALSE),"0#")&"," -> 03, | ... P39: =TEXT(VLOOKUP(P6,Sheet1!$A$2:$L$257,12,FALSE),"0#")&"," -> 0, | Q39: =TEXT(VLOOKUP(Q6,Sheet1!$A$2:$L$257,12,FALSE),"0#") -> 0
A40: db | B40: =TEXT(VLOOKUP(B7,Sheet1!$A$2:$L$257,12,FALSE),"0#")&"," -> 0, | C40: =TEXT(VLOOKUP(C7,Sheet1!$A$2:$L$257,12,FALSE),"0#")&"," -> 0, | D40: =TEXT(VLOOKUP(D7,Sheet1!$A$2:$L$257,12,FALSE),"0#")&"," -> 0, | E40: =TEXT(VLOOKUP(E7,Sheet1!$A$2:$L$257,12,FALSE),"0#")&"," -> 0, | F40: =TEXT(VLOOKUP(F7,Sheet1!$A$2:$L$257,12,FALSE),"0#")&"," -> 0, | G40: =TEXT(VLOOKUP(G7,Sheet1!$A$2:$L$257,12,FALSE),"0#")&"," -> 0, | H40: =TEXT(VLOOKUP(H7,Sheet1!$A$2:$L$257,12,FALSE),"0#")&"," -> 0, | I40: =TEXT(VLOOKUP(I7,Sheet1!$A$2:$L$257,12,FALSE),"0#")&"," -> 15, | ... P40: =TEXT(VLOOKUP(P7,Sheet1!$A$2:$L$257,12,FALSE),"0#")&"," -> 0, | Q40: =TEXT(VLOOKUP(Q7,Sheet1!$A$2:$L$257,12,FALSE),"0#") -> 0
A41: db | B41: =TEXT(VLOOKUP(B8,Sheet1!$A$2:$L$257,12,FALSE),"0#")&"," -> 0, | C41: =TEXT(VLOOKUP(C8,Sheet1!$A$2:$L$257,12,FALSE),"0#")&"," -> 0, | D41: =TEXT(VLOOKUP(D8,Sheet1!$A$2:$L$257,12,FALSE),"0#")&"," -> 0, | E41: =TEXT(VLOOKUP(E8,Sheet1!$A$2:$L$257,12,FALSE),"0#")&"," -> 0, | F41: =TEXT(VLOOKUP(F8,Sheet1!$A$2:$L$257,12,FALSE),"0#")&"," -> 0, | G41: =TEXT(VLOOKUP(G8,Sheet1!$A$2:$L$257,12,FALSE),"0#")&"," -> 01, | H41: =TEXT(VLOOKUP(H8,Sheet1!$A$2:$L$257,12,FALSE),"0#")&"," -> 03, | I41: =TEXT(VLOOKUP(I8,Sheet1!$A$2:$L$257,12,FALSE),"0#")&"," -> 255, | ... P41: =TEXT(VLOOKUP(P8,Sheet1!$A$2:$L$257,12,FALSE),"0#")&"," -> 0, | Q41: =TEXT(VLOOKUP(Q8,Sheet1!$A$2:$L$257,12,FALSE),"0#") -> 0
A42: db | B42: =TEXT(VLOOKUP(B9,Sheet1!$A$2:$L$257,12,FALSE),"0#")&"," -> 0, | C42: =TEXT(VLOOKUP(C9,Sheet1!$A$2:$L$257,12,FALSE),"0#")&"," -> 0, | D42: =TEXT(VLOOKUP(D9,Sheet1!$A$2:$L$257,12,FALSE),"0#")&"," -> 0, | E42: =TEXT(VLOOKUP(E9,Sheet1!$A$2:$L$257,12,FALSE),"0#")&"," -> 0, | F42: =TEXT(VLOOKUP(F9,Sheet1!$A$2:$L$257,12,FALSE),"0#")&"," -> 0, | G42: =TEXT(VLOOKUP(G9,Sheet1!$A$2:$L$257,12,FALSE),"0#")&"," -> 0, | H42: =TEXT(VLOOKUP(H9,Sheet1!$A$2:$L$257,12,FALSE),"0#")&"," -> 48, | I42: =TEXT(VLOOKUP(I9,Sheet1!$A$2:$L$257,12,FALSE),"0#")&"," -> 0, | ... P42: =TEXT(VLOOKUP(P9,Sheet1!$A$2:$L$257,12,FALSE),"0#")&"," -> 0, | Q42: =TEXT(VLOOKUP(Q9,Sheet1!$A$2:$L$257,12,FALSE),"0#") -> 0
A43: db | B43: =TEXT(VLOOKUP(B10,Sheet1!$A$2:$L$257,12,FALSE),"0#")&"," -> 0, | C43: =TEXT(VLOOKUP(C10,Sheet1!$A$2:$L$257,12,FALSE),"0#")&"," -> 0, | D43: =TEXT(VLOOKUP(D10,Sheet1!$A$2:$L$257,12,FALSE),"0#")&"," -> 0, | E43: =TEXT(VLOOKUP(E10,Sheet1!$A$2:$L$257,12,FALSE),"0#")&"," -> 0, | F43: =TEXT(VLOOKUP(F10,Sheet1!$A$2:$L$257,12,FALSE),"0#")&"," -> 0, | G43: =TEXT(VLOOKUP(G10,Sheet1!$A$2:$L$257,12,FALSE),"0#")&"," -> 0, | H43: =TEXT(VLOOKUP(H10,Sheet1!$A$2:$L$257,12,FALSE),"0#")&"," -> 0, | I43: =TEXT(VLOOKUP(I10,Sheet1!$A$2:$L$257,12,FALSE),"0#")&"," -> 255, | ... P43: =TEXT(VLOOKUP(P10,Sheet1!$A$2:$L$257,12,FALSE),"0#")&"," -> 0, | Q43: =TEXT(VLOOKUP(Q10,Sheet1!$A$2:$L$257,12,FALSE),"0#") -> 0
A44: db | B44: =TEXT(VLOOKUP(B11,Sheet1!$A$2:$L$257,12,FALSE),"0#")&"," -> 0, | C44: =TEXT(VLOOKUP(C11,Sheet1!$A$2:$L$257,12,FALSE),"0#")&"," -> 0, | D44: =TEXT(VLOOKUP(D11,Sheet1!$A$2:$L$257,12,FALSE),"0#")&"," -> 0, | E44: =TEXT(VLOOKUP(E11,Sheet1!$A$2:$L$257,12,FALSE),"0#")&"," -> 0, | F44: =TEXT(VLOOKUP(F11,Sheet1!$A$2:$L$257,12,FALSE),"0#")&"," -> 0, | G44: =TEXT(VLOOKUP(G11,Sheet1!$A$2:$L$257,12,FALSE),"0#")&"," -> 0, | H44: =TEXT(VLOOKUP(H11,Sheet1!$A$2:$L$257,12,FALSE),"0#")&"," -> 0, | I44: =TEXT(VLOOKUP(I11,Sheet1!$A$2:$L$257,12,FALSE),"0#")&"," -> 255, | ... P44: =TEXT(VLOOKUP(P11,Sheet1!$A$2:$L$257,12,FALSE),"0#")&"," -> 0, | Q44: =TEXT(VLOOKUP(Q11,Sheet1!$A$2:$L$257,12,FALSE),"0#") -> 0
A45: db | B45: =TEXT(VLOOKUP(B12,Sheet1!$A$2:$L$257,12,FALSE),"0#")&"," -> 0, | C45: =TEXT(VLOOKUP(C12,Sheet1!$A$2:$L$257,12,FALSE),"0#")&"," -> 0, | D45: =TEXT(VLOOKUP(D12,Sheet1!$A$2:$L$257,12,FALSE),"0#")&"," -> 0, | E45: =TEXT(VLOOKUP(E12,Sheet1!$A$2:$L$257,12,FALSE),"0#")&"," -> 0, | F45: =TEXT(VLOOKUP(F12,Sheet1!$A$2:$L$257,12,FALSE),"0#")&"," -> 0, | G45: =TEXT(VLOOKUP(G12,Sheet1!$A$2:$L$257,12,FALSE),"0#")&"," -> 0, | H45: =TEXT(VLOOKUP(H12,Sheet1!$A$2:$L$257,12,FALSE),"0#")&"," -> 02, | I45: =TEXT(VLOOKUP(I12,Sheet1!$A$2:$L$257,12,FALSE),"0#")&"," -> 255, | ... P45: =TEXT(VLOOKUP(P12,Sheet1!$A$2:$L$257,12,FALSE),"0#")&"," -> 0, | Q45: =TEXT(VLOOKUP(Q12,Sheet1!$A$2:$L$257,12,FALSE),"0#") -> 0
... A65: db | B65: =TEXT(VLOOKUP(B32,Sheet1!$A$2:$L$257,12,FALSE),"0#")&"," -> 0, | C65: =TEXT(VLOOKUP(C32,Sheet1!$A$2:$L$257,12,FALSE),"0#")&"," -> 0, | D65: =TEXT(VLOOKUP(D32,Sheet1!$A$2:$L$257,12,FALSE),"0#")&"," -> 0, | E65: =TEXT(VLOOKUP(E32,Sheet1!$A$2:$L$257,12,FALSE),"0#")&"," -> 64, | F65: =TEXT(VLOOKUP(F32,Sheet1!$A$2:$L$257,12,FALSE),"0#")&"," -> 0, | G65: =TEXT(VLOOKUP(G32,Sheet1!$A$2:$L$257,12,FALSE),"0#")&"," -> 0, | H65: =TEXT(VLOOKUP(H32,Sheet1!$A$2:$L$257,12,FALSE),"0#")&"," -> 0, | I65: =TEXT(VLOOKUP(I32,Sheet1!$A$2:$L$257,12,FALSE),"0#")&"," -> 0, | ... P65: =TEXT(VLOOKUP(P32,Sheet1!$A$2:$L$257,12,FALSE),"0#")&"," -> 0, | Q65: =TEXT(VLOOKUP(Q32,Sheet1!$A$2:$L$257,12,FALSE),"0#") -> 0

Sheet Sheet1
B1: 192 | C1: 48 | D1: 12 | E1: 3
A2: 0 | B2: =_xlfn.BITRSHIFT(_xlfn.BITAND($A2,B$1),6) -> 0 | C2: =_xlfn.BITRSHIFT(_xlfn.BITAND($A2,C$1),4) -> 0 | D2: =_xlfn.BITRSHIFT(_xlfn.BITAND($A2,D$1),2) -> 0 | E2: =_xlfn.BITAND($A2,E$1) -> 0 | G2: =IF(B2=3,0,IF(B2=0,3,IF(B2=1,2,1))) -> 3 | H2: =IF(C2=3,0,IF(C2=0,3,IF(C2=1,2,1))) -> 3 | I2: =IF(D2=3,0,IF(D2=0,3,IF(D2=1,2,1))) -> 3 | J2: =IF(E2=3,0,IF(E2=0,3,IF(E2=1,2,1))) -> 3 | L2: =_xlfn.BITLSHIFT(G2,6)+_xlfn.BITLSHIFT(H2,4)+_xlfn.BITLSHIFT(I2,2)+J2 -> 255
A3: 1 | B3: =_xlfn.BITRSHIFT(_xlfn.BITAND($A3,B$1),6) -> 0 | C3: =_xlfn.BITRSHIFT(_xlfn.BITAND($A3,C$1),4) -> 0 | D3: =_xlfn.BITRSHIFT(_xlfn.BITAND($A3,D$1),2) -> 0 | E3: =_xlfn.BITAND($A3,E$1) -> 1 | G3: =IF(B3=3,0,IF(B3=0,3,IF(B3=1,2,1))) -> 3 | H3: =IF(C3=3,0,IF(C3=0,3,IF(C3=1,2,1))) -> 3 | I3: =IF(D3=3,0,IF(D3=0,3,IF(D3=1,2,1))) -> 3 | J3: =IF(E3=3,0,IF(E3=0,3,IF(E3=1,2,1))) -> 2 | L3: =_xlfn.BITLSHIFT(G3,6)+_xlfn.BITLSHIFT(H3,4)+_xlfn.BITLSHIFT(I3,2)+J3 -> 254
A4: 2 | B4: =_xlfn.BITRSHIFT(_xlfn.BITAND($A4,B$1),6) -> 0 | C4: =_xlfn.BITRSHIFT(_xlfn.BITAND($A4,C$1),4) -> 0 | D4: =_xlfn.BITRSHIFT(_xlfn.BITAND($A4,D$1),2) -> 0 | E4: =_xlfn.BITAND($A4,E$1) -> 2 | G4: =IF(B4=3,0,IF(B4=0,3,IF(B4=1,2,1))) -> 3 | H4: =IF(C4=3,0,IF(C4=0,3,IF(C4=1,2,1))) -> 3 | I4: =IF(D4=3,0,IF(D4=0,3,IF(D4=1,2,1))) -> 3 | J4: =IF(E4=3,0,IF(E4=0,3,IF(E4=1,2,1))) -> 1 | L4: =_xlfn.BITLSHIFT(G4,6)+_xlfn.BITLSHIFT(H4,4)+_xlfn.BITLSHIFT(I4,2)+J4 -> 253
A5: 3 | B5: =_xlfn.BITRSHIFT(_xlfn.BITAND($A5,B$1),6) -> 0 | C5: =_xlfn.BITRSHIFT(_xlfn.BITAND($A5,C$1),4) -> 0 | D5: =_xlfn.BITRSHIFT(_xlfn.BITAND($A5,D$1),2) -> 0 | E5: =_xlfn.BITAND($A5,E$1) -> 3 | G5: =IF(B5=3,0,IF(B5=0,3,IF(B5=1,2,1))) -> 3 | H5: =IF(C5=3,0,IF(C5=0,3,IF(C5=1,2,1))) -> 3 | I5: =IF(D5=3,0,IF(D5=0,3,IF(D5=1,2,1))) -> 3 | J5: =IF(E5=3,0,IF(E5=0,3,IF(E5=1,2,1))) -> 0 | L5: =_xlfn.BITLSHIFT(G5,6)+_xlfn.BITLSHIFT(H5,4)+_xlfn.BITLSHIFT(I5,2)+J5 -> 252
A6: 4 | B6: =_xlfn.BITRSHIFT(_xlfn.BITAND($A6,B$1),6) -> 0 | C6: =_xlfn.BITRSHIFT(_xlfn.BITAND($A6,C$1),4) -> 0 | D6: =_xlfn.BITRSHIFT(_xlfn.BITAND($A6,D$1),2) -> 1 | E6: =_xlfn.BITAND($A6,E$1) -> 0 | G6: =IF(B6=3,0,IF(B6=0,3,IF(B6=1,2,1))) -> 3 | H6: =IF(C6=3,0,IF(C6=0,3,IF(C6=1,2,1))) -> 3 | I6: =IF(D6=3,0,IF(D6=0,3,IF(D6=1,2,1))) -> 2 | J6: =IF(E6=3,0,IF(E6=0,3,IF(E6=1,2,1))) -> 3 | L6: =_xlfn.BITLSHIFT(G6,6)+_xlfn.BITLSHIFT(H6,4)+_xlfn.BITLSHIFT(I6,2)+J6 -> 251
A7: 5 | B7: =_xlfn.BITRSHIFT(_xlfn.BITAND($A7,B$1),6) -> 0 | C7: =_xlfn.BITRSHIFT(_xlfn.BITAND($A7,C$1),4) -> 0 | D7: =_xlfn.BITRSHIFT(_xlfn.BITAND($A7,D$1),2) -> 1 | E7: =_xlfn.BITAND($A7,E$1) -> 1 | G7: =IF(B7=3,0,IF(B7=0,3,IF(B7=1,2,1))) -> 3 | H7: =IF(C7=3,0,IF(C7=0,3,IF(C7=1,2,1))) -> 3 | I7: =IF(D7=3,0,IF(D7=0,3,IF(D7=1,2,1))) -> 2 | J7: =IF(E7=3,0,IF(E7=0,3,IF(E7=1,2,1))) -> 2 | L7: =_xlfn.BITLSHIFT(G7,6)+_xlfn.BITLSHIFT(H7,4)+_xlfn.BITLSHIFT(I7,2)+J7 -> 250
A8: 6 | B8: =_xlfn.BITRSHIFT(_xlfn.BITAND($A8,B$1),6) -> 0 | C8: =_xlfn.BITRSHIFT(_xlfn.BITAND($A8,C$1),4) -> 0 | D8: =_xlfn.BITRSHIFT(_xlfn.BITAND($A8,D$1),2) -> 1 | E8: =_xlfn.BITAND($A8,E$1) -> 2 | G8: =IF(B8=3,0,IF(B8=0,3,IF(B8=1,2,1))) -> 3 | H8: =IF(C8=3,0,IF(C8=0,3,IF(C8=1,2,1))) -> 3 | I8: =IF(D8=3,0,IF(D8=0,3,IF(D8=1,2,1))) -> 2 | J8: =IF(E8=3,0,IF(E8=0,3,IF(E8=1,2,1))) -> 1 | L8: =_xlfn.BITLSHIFT(G8,6)+_xlfn.BITLSHIFT(H8,4)+_xlfn.BITLSHIFT(I8,2)+J8 -> 249
A9: 7 | B9: =_xlfn.BITRSHIFT(_xlfn.BITAND($A9,B$1),6) -> 0 | C9: =_xlfn.BITRSHIFT(_xlfn.BITAND($A9,C$1),4) -> 0 | D9: =_xlfn.BITRSHIFT(_xlfn.BITAND($A9,D$1),2) -> 1 | E9: =_xlfn.BITAND($A9,E$1) -> 3 | G9: =IF(B9=3,0,IF(B9=0,3,IF(B9=1,2,1))) -> 3 | H9: =IF(C9=3,0,IF(C9=0,3,IF(C9=1,2,1))) -> 3 | I9: =IF(D9=3,0,IF(D9=0,3,IF(D9=1,2,1))) -> 2 | J9: =IF(E9=3,0,IF(E9=0,3,IF(E9=1,2,1))) -> 0 | L9: =_xlfn.BITLSHIFT(G9,6)+_xlfn.BITLSHIFT(H9,4)+_xlfn.BITLSHIFT(I9,2)+J9 -> 248
A10: 8 | B10: =_xlfn.BITRSHIFT(_xlfn.BITAND($A10,B$1),6) -> 0 | C10: =_xlfn.BITRSHIFT(_xlfn.BITAND($A10,C$1),4) -> 0 | D10: =_xlfn.BITRSHIFT(_xlfn.BITAND($A10,D$1),2) -> 2 | E10: =_xlfn.BITAND($A10,E$1) -> 0 | G10: =IF(B10=3,0,IF(B10=0,3,IF(B10=1,2,1))) -> 3 | H10: =IF(C10=3,0,IF(C10=0,3,IF(C10=1,2,1))) -> 3 | I10: =IF(D10=3,0,IF(D10=0,3,IF(D10=1,2,1))) -> 1 | J10: =IF(E10=3,0,IF(E10=0,3,IF(E10=1,2,1))) -> 3 | L10: =_xlfn.BITLSHIFT(G10,6)+_xlfn.BITLSHIFT(H10,4)+_xlfn.BITLSHIFT(I10,2)+J10 -> 247
A11: 9 | B11: =_xlfn.BITRSHIFT(_xlfn.BITAND($A11,B$1),6) -> 0 | C11: =_xlfn.BITRSHIFT(_xlfn.BITAND($A11,C$1),4) -> 0 | D11: =_xlfn.BITRSHIFT(_xlfn.BITAND($A11,D$1),2) -> 2 | E11: =_xlfn.BITAND($A11,E$1) -> 1 | G11: =IF(B11=3,0,IF(B11=0,3,IF(B11=1,2,1))) -> 3 | H11: =IF(C11=3,0,IF(C11=0,3,IF(C11=1,2,1))) -> 3 | I11: =IF(D11=3,0,IF(D11=0,3,IF(D11=1,2,1))) -> 1 | J11: =IF(E11=3,0,IF(E11=0,3,IF(E11=1,2,1))) -> 2 | L11: =_xlfn.BITLSHIFT(G11,6)+_xlfn.BITLSHIFT(H11,4)+_xlfn.BITLSHIFT(I11,2)+J11 -> 246
A12: 10 | B12: =_xlfn.BITRSHIFT(_xlfn.BITAND($A12,B$1),6) -> 0 | C12: =_xlfn.BITRSHIFT(_xlfn.BITAND($A12,C$1),4) -> 0 | D12: =_xlfn.BITRSHIFT(_xlfn.BITAND($A12,D$1),2) -> 2 | E12: =_xlfn.BITAND($A12,E$1) -> 2 | G12: =IF(B12=3,0,IF(B12=0,3,IF(B12=1,2,1))) -> 3 | H12: =IF(C12=3,0,IF(C12=0,3,IF(C12=1,2,1))) -> 3 | I12: =IF(D12=3,0,IF(D12=0,3,IF(D12=1,2,1))) -> 1 | J12: =IF(E12=3,0,IF(E12=0,3,IF(E12=1,2,1))) -> 1 | L12: =_xlfn.BITLSHIFT(G12,6)+_xlfn.BITLSHIFT(H12,4)+_xlfn.BITLSHIFT(I12,2)+J12 -> 245
A13: 11 | B13: =_xlfn.BITRSHIFT(_xlfn.BITAND($A13,B$1),6) -> 0 | C13: =_xlfn.BITRSHIFT(_xlfn.BITAND($A13,C$1),4) -> 0 | D13: =_xlfn.BITRSHIFT(_xlfn.BITAND($A13,D$1),2) -> 2 | E13: =_xlfn.BITAND($A13,E$1) -> 3 | G13: =IF(B13=3,0,IF(B13=0,3,IF(B13=1,2,1))) -> 3 | H13: =IF(C13=3,0,IF(C13=0,3,IF(C13=1,2,1))) -> 3 | I13: =IF(D13=3,0,IF(D13=0,3,IF(D13=1,2,1))) -> 1 | J13: =IF(E13=3,0,IF(E13=0,3,IF(E13=1,2,1))) -> 0 | L13: =_xlfn.BITLSHIFT(G13,6)+_xlfn.BITLSHIFT(H13,4)+_xlfn.BITLSHIFT(I13,2)+J13 -> 244
... A257: 255 | B257: =_xlfn.BITRSHIFT(_xlfn.BITAND($A257,B$1),6) -> 3 | C257: =_xlfn.BITRSHIFT(_xlfn.BITAND($A257,C$1),4) -> 3 | D257: =_xlfn.BITRSHIFT(_xlfn.BITAND($A257,D$1),2) -> 3 | E257: =_xlfn.BITAND($A257,E$1) -> 3 | G257: =IF(B257=3,0,IF(B257=0,3,IF(B257=1,2,1))) -> 0 | H257: =IF(C257=3,0,IF(C257=0,3,IF(C257=1,2,1))) -> 0 | I257: =IF(D257=3,0,IF(D257=0,3,IF(D257=1,2,1))) -> 0 | J257: =IF(E257=3,0,IF(E257=0,3,IF(E257=1,2,1))) -> 0 | L257: =_xlfn.BITLSHIFT(G257,6)+_xlfn.BITLSHIFT(H257,4)+_xlfn.BITLSHIFT(I257,2)+J257 -> 0
