Workbook

Sheet superfast_160x100_packed4x2bit_
B1: 255 | C1: 255 | D1: 255 | E1: 255 | F1: 255 | G1: 255 | H1: 255 | I1: 255 | J1: 255 | K1: 255 | L1: 255 | M1: 255 | N1: 255 | O1: 255 | P1: 255 | Q1: 255 | R1: 255 | S1: 255 | T1: 255 | U1: 255 | V1: 255 | W1: 255 | X1: 255 | Y1: 255 | Z1: 255 | AA1: 255 | AB1: 255 | AC1: 255 | AD1: 255 | AE1: 255 | AF1: 255 | AG1: 255 | AH1: 255 | AI1: 255 | AJ1: 255 | AK1: 255 | AL1: 255 | AM1: 255 | AN1: 255 | AO1: 255
B2: 255 | C2: 255 | D2: 255 | E2: 255 | F2: 255 | G2: 255 | H2: 255 | I2: 255 | J2: 255 | K2: 255 | L2: 255 | M2: 255 | N2: 255 | O2: 255 | P2: 255 | Q2: 255 | R2: 255 | S2: 255 | T2: 255 | U2: 255 | V2: 255 | W2: 255 | X2: 255 | Y2: 255 | Z2: 255 | AA2: 255 | AB2: 255 | AC2: 255 | AD2: 255 | AE2: 255 | AF2: 255 | AG2: 255 | AH2: 255 | AI2: 255 | AJ2: 255 | AK2: 255 | AL2: 255 | AM2: 255 | AN2: 255 | AO2: 255
B3: 255 | C3: 255 | D3: 255 | E3: 255 | F3: 255 | G3: 255 | H3: 255 | I3: 255 | J3: 255 | K3: 255 | L3: 255 | M3: 255 | N3: 255 | O3: 255 | P3: 255 | Q3: 255 | R3: 255 | S3: 255 | T3: 255 | U3: 255 | V3: 255 | W3: 255 | X3: 255 | Y3: 255 | Z3: 255 | AA3: 255 | AB3: 255 | AC3: 255 | AD3: 255 | AE3: 255 | AF3: 255 | AG3: 255 | AH3: 255 | AI3: 255 | AJ3: 255 | AK3: 255 | AL3: 255 | AM3: 255 | AN3: 255 | AO3: 255
B4: 255 | C4: 255 | D4: 255 | E4: 255 | F4: 255 | G4: 255 | H4: 255 | I4: 255 | J4: 255 | K4: 255 | L4: 255 | M4: 255 | N4: 255 | O4: 255 | P4: 255 | Q4: 255 | R4: 255 | S4: 255 | T4: 255 | U4: 255 | V4: 255 | W4: 255 | X4: 255 | Y4: 255 | Z4: 255 | AA4: 255 | AB4: 255 | AC4: 255 | AD4: 255 | AE4: 255 | AF4: 255 | AG4: 255 | AH4: 255 | AI4: 255 | AJ4: 255 | AK4: 255 | AL4: 255 | AM4: 255 | AN4: 255 | AO4: 255
B5: 255 | C5: 255 | D5: 255 | E5: 255 | F5: 255 | G5: 255 | H5: 255 | I5: 255 | J5: 255 | K5: 255 | L5: 255 | M5: 255 | N5: 255 | O5: 255 | P5: 255 | Q5: 255 | R5: 255 | S5: 255 | T5: 255 | U5: 255 | V5: 255 | W5: 255 | X5: 255 | Y5: 255 | Z5: 255 | AA5: 255 | AB5: 255 | AC5: 255 | AD5: 255 | AE5: 255 | AF5: 255 | AG5: 255 | AH5: 255 | AI5: 255 | AJ5: 255 | AK5: 255 | AL5: 255 | AM5: 255 | AN5: 255 | AO5: 255
B6: 255 | C6: 255 | D6: 255 | E6: 255 | F6: 255 | G6: 255 | H6: 255 | I6: 255 | J6: 255 | K6: 255 | L6: 255 | M6: 255 | N6: 255 | O6: 255 | P6: 255 | Q6: 255 | R6: 255 | S6: 255 | T6: 255 | U6: 255 | V6: 255 | W6: 255 | X6: 255 | Y6: 255 | Z6: 255 | AA6: 255 | AB6: 255 | AC6: 255 | AD6: 255 | AE6: 255 | AF6: 255 | AG6: 255 | AH6: 255 | AI6: 255 | AJ6: 255 | AK6: 255 | AL6: 255 | AM6: 255 | AN6: 255 | AO6: 255
B7: 255 | C7: 255 | D7: 255 | E7: 255 | F7: 255 | G7: 255 | H7: 255 | I7: 255 | J7: 255 | K7: 255 | L7: 255 | M7: 255 | N7: 255 | O7: 255 | P7: 255 | Q7: 255 | R7: 255 | S7: 255 | T7: 255 | U7: 255 | V7: 255 | W7: 255 | X7: 255 | Y7: 255 | Z7: 255 | AA7: 255 | AB7: 255 | AC7: 255 | AD7: 255 | AE7: 255 | AF7: 255 | AG7: 255 | AH7: 255 | AI7: 255 | AJ7: 255 | AK7: 255 | AL7: 255 | AM7: 255 | AN7: 255 | AO7: 255
B8: 255 | C8: 255 | D8: 255 | E8: 255 | F8: 255 | G8: 255 | H8: 255 | I8: 255 | J8: 255 | K8: 255 | L8: 255 | M8: 255 | N8: 255 | O8: 255 | P8: 255 | Q8: 255 | R8: 255 | S8: 255 | T8: 255 | U8: 255 | V8: 255 | W8: 255 | X8: 255 | Y8: 255 | Z8: 255 | AA8: 255 | AB8: 255 | AC8: 255 | AD8: 255 | AE8: 255 | AF8: 255 | AG8: 255 | AH8: 255 | AI8: 255 | AJ8: 255 | AK8: 255 | AL8: 255 | AM8: 255 | AN8: 255 | AO8: 255
B9: 255 | C9: 255 | D9: 255 | E9: 255 | F9: 213 | G9: 85 | H9: 85 | I9: 85 | J9: 85 | K9: 85 | L9: 85 | M9: 85 | N9: 85 | O9: 85 | P9: 85 | Q9: 85 | R9: 85 | S9: 85 | T9: 85 | U9: 85 | V9: 85 | W9: 85 | X9: 85 | Y9: 85 | Z9: 85 | AA9: 127 | AB9: 213 | AC9: 85 | AD9: 80 | AE9: 21 | AF9: 85 | AG9: 85 | AH9: 85 | AI9: 85 | AJ9: 85 | AK9: 85 | AL9: 127 | AM9: 255 | AN9: 255 | AO9: 255
B10: 255 | C10: 255 | D10: 255 | E10: 245 | F10: 80 | G10: 0 | H10: 1 | I10: 85 | J10: 85 | K10: 85 | L10: 80 | M10: 5 | N10: 85 | O10: 85 | P10: 85 | Q10: 85 | R10: 80 | S10: 0 | T10: 1 | U10: 85 | V10: 85 | W10: 80 | X10: 85 | Y10: 84 | Z10: 80 | AA10: 125 | AB10: 80 | AC10: 0 | AD10: 0 | AE10: 21 | AF10: 85 | AG10: 85 | AH10: 0 | AI10: 85 | AJ10: 85 | AK10: 87 | AL10: 255 | AM10: 255 | AN10: 255 | AO10: 255
B11: 255 | C11: 255 | D11: 255 | E11: 84 | F11: 0 | G11: 0 | H11: 1 | I11: 64 | J11: 5 | K11: 0 | L11: 80 | M11: 0 | N11: 1 | O11: 80 | P11: 0 | Q11: 0 | R11: 80 | S11: 0 | T11: 1 | U11: 84 | V11: 0 | W11: 0 | X11: 21 | Y11: 64 | Z11: 0 | AA11: 117 | AB11: 0 | AC11: 0 | AD11: 1 | AE11: 80 | AF11: 0 | AG11: 0 | AH11: 0 | AI11: 5 | AJ11: 87 | AK11: 255 | AL11: 255 | AM11: 255 | AN11: 255 | AO11: 255
B12: 255 | C12: 255 | D12: 255 | E12: 84 | F12: 0 | G12: 0 | H12: 5 | I12: 64 | J12: 21 | K12: 0 | L12: 80 | M12: 0 | N12: 0 | O12: 80 | P12: 0 | Q12: 0 | R12: 80 | S12: 0 | T12: 0 | U12: 20 | V12: 0 | W12: 0 | X12: 21 | Y12: 0 | Z12: 1 | AA12: 116 | AB12: 0 | AC12: 0 | AD12: 1 | AE12: 0 | AF12: 0 | AG12: 0 | AH12: 0 | AI12: 85 | AJ12: 127 | AK12: 255 | AL12: 255 | AM12: 255 | AN12: 255 | AO12: 255
... B100: 255 | C100: 255 | D100: 255 | E100: 255 | F100: 255 | G100: 255 | H100: 255 | I100: 255 | J100: 255 | K100: 255 | L100: 255 | M100: 255 | N100: 255 | O100: 255 | P100: 255 | Q100: 255 | R100: 255 | S100: 255 | T100: 255 | U100: 255 | V100: 255 | W100: 255 | X100: 255 | Y100: 255 | Z100: 255 | AA100: 255 | AB100: 255 | AC100: 255 | AD100: 255 | AE100: 255 | AF100: 255 | AG100: 255 | AH100: 255 | AI100: 255 | AJ100: 255 | AK100: 255 | AL100: 255 | AM100: 255 | AN100: 255 | AO100: 255
A103: db | B103: =TEXT(VLOOKUP(B1,Sheet1!$A$2:$L$257,12,FALSE),"0#")&"," -> 0, | C103: =TEXT(VLOOKUP(C1,Sheet1!$A$2:$L$257,12,FALSE),"0#")&"," -> 0, | D103: =TEXT(VLOOKUP(D1,Sheet1!$A$2:$L$257,12,FALSE),"0#")&"," -> 0, | E103: =TEXT(VLOOKUP(E1,Sheet1!$A$2:$L$257,12,FALSE),"0#")&"," -> 0, | F103: =TEXT(VLOOKUP(F1,Sheet1!$A$2:$L$257,12,FALSE),"0#")&"," -> 0, | G103: =TEXT(VLOOKUP(G1,Sheet1!$A$2:$L$257,12,FALSE),"0#")&"," -> 0, | H103: =TEXT(VLOOKUP(H1,Sheet1!$A$2:$L$257,12,FALSE),"0#")&"," -> 0, | I103: =TEXT(VLOOKUP(I1,Sheet1!$A$2:$L$257,12,FALSE),"0#")&"," -> 0, | ... AN103: =TEXT(VLOOKUP(AN1,Sheet1!$A$2:$L$257,12,FALSE),"0#")&"," -> 0, | AO103: =TEXT(VLOOKUP(AO1,Sheet1!$A$2:$L$257,12,FALSE),"0#") -> 0
A104: db | B104: =TEXT(VLOOKUP(B2,Sheet1!$A$2:$L$257,12,FALSE),"0#")&"," -> 0, | C104: =TEXT(VLOOKUP(C2,Sheet1!$A$2:$L$257,12,FALSE),"0#")&"," -> 0, | D104: =TEXT(VLOOKUP(D2,Sheet1!$A$2:$L$257,12,FALSE),"0#")&"," -> 0, | E104: =TEXT(VLOOKUP(E2,Sheet1!$A$2:$L$257,12,FALSE),"0#")&"," -> 0, | F104: =TEXT(VLOOKUP(F2,Sheet1!$A$2:$L$257,12,FALSE),"0#")&"," -> 0, | G104: =TEXT(VLOOKUP(G2,Sheet1!$A$2:$L$257,12,FALSE),"0#")&"," -> 0, | H104: =TEXT(VLOOKUP(H2,Sheet1!$A$2:$L$257,12,FALSE),"0#")&"," -> 0, | I104: =TEXT(VLOOKUP(I2,Sheet1!$A$2:$L$257,12,FALSE),"0#")&"," -> 0, | ... AN104: =TEXT(VLOOKUP(AN2,Sheet1!$A$2:$L$257,12,FALSE),"0#")&"," -> 0, | AO104: =TEXT(VLOOKUP(AO2,Sheet1!$A$2:$L$257,12,FALSE),"0#") -> 0
A105: db | B105: =TEXT(VLOOKUP(B3,Sheet1!$A$2:$L$257,12,FALSE),"0#")&"," -> 0, | C105: =TEXT(VLOOKUP(C3,Sheet1!$A$2:$L$257,12,FALSE),"0#")&"," -> 0, | D105: =TEXT(VLOOKUP(D3,Sheet1!$A$2:$L$257,12,FALSE),"0#")&"," -> 0, | E105: =TEXT(VLOOKUP(E3,Sheet1!$A$2:$L$257,12,FALSE),"0#")&"," -> 0, | F105: =TEXT(VLOOKUP(F3,Sheet1!$A$2:$L$257,12,FALSE),"0#")&"," -> 0, | G105: =TEXT(VLOOKUP(G3,Sheet1!$A$2:$L$257,12,FALSE),"0#")&"," -> 0, | H105: =TEXT(VLOOKUP(H3,Sheet1!$A$2:$L$257,12,FALSE),"0#")&"," -> 0, | I105: =TEXT(VLOOKUP(I3,Sheet1!$A$2:$L$257,12,FALSE),"0#")&"," -> 0, | ... AN105: =TEXT(VLOOKUP(AN3,Sheet1!$A$2:$L$257,12,FALSE),"0#")&"," -> 0, | AO105: =TEXT(VLOOKUP(AO3,Sheet1!$A$2:$L$257,12,FALSE),"0#") -> 0
A106: db | B106: =TEXT(VLOOKUP(B4,Sheet1!$A$2:$L$257,12,FALSE),"0#")&"," -> 0, | C106: =TEXT(VLOOKUP(C4,Sheet1!$A$2:$L$257,12,FALSE),"0#")&"," -> 0, | D106: =TEXT(VLOOKUP(D4,Sheet1!$A$2:$L$257,12,FALSE),"0#")&"," -> 0, | E106: =TEXT(VLOOKUP(E4,Sheet1!$A$2:$L$257,12,FALSE),"0#")&"," -> 0, | F106: =TEXT(VLOOKUP(F4,Sheet1!$A$2:$L$257,12,FALSE),"0#")&"," -> 0, | G106: =TEXT(VLOOKUP(G4,Sheet1!$A$2:$L$257,12,FALSE),"0#")&"," -> 0, | H106: =TEXT(VLOOKUP(H4,Sheet1!$A$2:$L$257,12,FALSE),"0#")&"," -> 0, | I106: =TEXT(VLOOKUP(I4,Sheet1!$A$2:$L$257,12,FALSE),"0#")&"," -> 0, | ... AN106: =TEXT(VLOOKUP(AN4,Sheet1!$A$2:$L$257,12,FALSE),"0#")&"," -> 0, | AO106: =TEXT(VLOOKUP(AO4,Sheet1!$A$2:$L$257,12,FALSE),"0#") -> 0
A107: db | B107: =TEXT(VLOOKUP(B5,Sheet1!$A$2:$L$257,12,FALSE),"0#")&"," -> 0, | C107: =TEXT(VLOOKUP(C5,Sheet1!$A$2:$L$257,12,FALSE),"0#")&"," -> 0, | D107: =TEXT(VLOOKUP(D5,Sheet1!$A$2:$L$257,12,FALSE),"0#")&"," -> 0, | E107: =TEXT(VLOOKUP(E5,Sheet1!$A$2:$L$257,12,FALSE),"0#")&"," -> 0, | F107: =TEXT(VLOOKUP(F5,Sheet1!$A$2:$L$257,12,FALSE),"0#")&"," -> 0, | G107: =TEXT(VLOOKUP(G5,Sheet1!$A$2:$L$257,12,FALSE),"0#")&"," -> 0, | H107: =TEXT(VLOOKUP(H5,Sheet1!$A$2:$L$257,12,FALSE),"0#")&"," -> 0, | I107: =TEXT(VLOOKUP(I5,Sheet1!$A$2:$L$257,12,FALSE),"0#")&"," -> 0, | ... AN107: =TEXT(VLOOKUP(AN5,Sheet1!$A$2:$L$257,12,FALSE),"0#")&"," -> 0, | AO107: =TEXT(VLOOKUP(AO5,Sheet1!$A$2:$L$257,12,FALSE),"0#") -> 0
A108: db | B108: =TEXT(VLOOKUP(B6,Sheet1!$A$2:$L$257,12,FALSE),"0#")&"," -> 0, | C108: =TEXT(VLOOKUP(C6,Sheet1!$A$2:$L$257,12,FALSE),"0#")&"," -> 0, | D108: =TEXT(VLOOKUP(D6,Sheet1!$A$2:$L$257,12,FALSE),"0#")&"," -> 0, | E108: =TEXT(VLOOKUP(E6,Sheet1!$A$2:$L$257,12,FALSE),"0#")&"," -> 0, | F108: =TEXT(VLOOKUP(F6,Sheet1!$A$2:$L$257,12,FALSE),"0#")&"," -> 0, | G108: =TEXT(VLOOKUP(G6,Sheet1!$A$2:$L$257,12,FALSE),"0#")&"," -> 0, | H108: =TEXT(VLOOKUP(H6,Sheet1!$A$2:$L$257,12,FALSE),"0#")&"," -> 0, | I108: =TEXT(VLOOKUP(I6,Sheet1!$A$2:$L$257,12,FALSE),"0#")&"," -> 0, | ... AN108: =TEXT(VLOOKUP(AN6,Sheet1!$A$2:$L$257,12,FALSE),"0#")&"," -> 0, | AO108: =TEXT(VLOOKUP(AO6,Sheet1!$A$2:$L$257,12,FALSE),"0#") -> 0
A109: db | B109: =TEXT(VLOOKUP(B7,Sheet1!$A$2:$L$257,12,FALSE),"0#")&"," -> 0, | C109: =TEXT(VLOOKUP(C7,Sheet1!$A$2:$L$257,12,FALSE),"0#")&"," -> 0, | D109: =TEXT(VLOOKUP(D7,Sheet1!$A$2:$L$257,12,FALSE),"0#")&"," -> 0, | E109: =TEXT(VLOOKUP(E7,Sheet1!$A$2:$L$257,12,FALSE),"0#")&"," -> 0, | F109: =TEXT(VLOOKUP(F7,Sheet1!$A$2:$L$257,12,FALSE),"0#")&"," -> 0, | G109: =TEXT(VLOOKUP(G7,Sheet1!$A$2:$L$257,12,FALSE),"0#")&"," -> 0, | H109: =TEXT(VLOOKUP(H7,Sheet1!$A$2:$L$257,12,FALSE),"0#")&"," -> 0, | I109: =TEXT(VLOOKUP(I7,Sheet1!$A$2:$L$257,12,FALSE),"0#")&"," -> 0, | ... AN109: =TEXT(VLOOKUP(AN7,Sheet1!$A$2:$L$257,12,FALSE),"0#")&"," -> 0, | AO109: =TEXT(VLOOKUP(AO7,Sheet1!$A$2:$L$257,12,FALSE),"0#") -> 0
A110: db | B110: =TEXT(VLOOKUP(B8,Sheet1!$A$2:$L$257,12,FALSE),"0#")&"," -> 0, | C110: =TEXT(VLOOKUP(C8,Sheet1!$A$2:$L$257,12,FALSE),"0#")&"," -> 0, | D110: =TEXT(VLOOKUP(D8,Sheet1!$A$2:$L$257,12,FALSE),"0#")&"," -> 0, | E110: =TEXT(VLOOKUP(E8,Sheet1!$A$2:$L$257,12,FALSE),"0#")&"," -> 0, | F110: =TEXT(VLOOKUP(F8,Sheet1!$A$2:$L$257,12,FALSE),"0#")&"," -> 0, | G110: =TEXT(VLOOKUP(G8,Sheet1!$A$2:$L$257,12,FALSE),"0#")&"," -> 0, | H110: =TEXT(VLOOKUP(H8,Sheet1!$A$2:$L$257,12,FALSE),"0#")&"," -> 0, | I110: =TEXT(VLOOKUP(I8,Sheet1!$A$2:$L$257,12,FALSE),"0#")&"," -> 0, | ... AN110: =TEXT(VLOOKUP(AN8,Sheet1!$A$2:$L$257,12,FALSE),"0#")&"," -> 0, | AO110: =TEXT(VLOOKUP(AO8,Sheet1!$A$2:$L$257,12,FALSE),"0#") -> 0
A111: db | B111: =TEXT(VLOOKUP(B9,Sheet1!$A$2:$L$257,12,FALSE),"0#")&"," -> 0, | C111: =TEXT(VLOOKUP(C9,Sheet1!$A$2:$L$257,12,FALSE),"0#")&"," -> 0, | D111: =TEXT(VLOOKUP(D9,Sheet1!$A$2:$L$257,12,FALSE),"0#")&"," -> 0, | E111: =TEXT(VLOOKUP(E9,Sheet1!$A$2:$L$257,12,FALSE),"0#")&"," -> 0, | F111: =TEXT(VLOOKUP(F9,Sheet1!$A$2:$L$257,12,FALSE),"0#")&"," -> 42, | G111: =TEXT(VLOOKUP(G9,Sheet1!$A$2:$L$257,12,FALSE),"0#")&"," -> 170, | H111: =TEXT(VLOOKUP(H9,Sheet1!$A$2:$L$257,12,FALSE),"0#")&"," -> 170, | I111: =TEXT(VLOOKUP(I9,Sheet1!$A$2:$L$257,12,FALSE),"0#")&"," -> 170, | ... AN111: =TEXT(VLOOKUP(AN9,Sheet1!$A$2:$L$257,12,FALSE),"0#")&"," -> 0, | AO111: =TEXT(VLOOKUP(AO9,Sheet1!$A$2:$L$257,12,FALSE),"0#") -> 0
A112: db | B112: =TEXT(VLOOKUP(B10,Sheet1!$A$2:$L$257,12,FALSE),"0#")&"," -> 0, | C112: =TEXT(VLOOKUP(C10,Sheet1!$A$2:$L$257,12,FALSE),"0#")&"," -> 0, | D112: =TEXT(VLOOKUP(D10,Sheet1!$A$2:$L$257,12,FALSE),"0#")&"," -> 0, | E112: =TEXT(VLOOKUP(E10,Sheet1!$A$2:$L$257,12,FALSE),"0#")&"," -> 10, | F112: =TEXT(VLOOKUP(F10,Sheet1!$A$2:$L$257,12,FALSE),"0#")&"," -> 175, | G112: =TEXT(VLOOKUP(G10,Sheet1!$A$2:$L$257,12,FALSE),"0#")&"," -> 255, | H112: =TEXT(VLOOKUP(H10,Sheet1!$A$2:$L$257,12,FALSE),"0#")&"," -> 254, | I112: =TEXT(VLOOKUP(I10,Sheet1!$A$2:$L$257,12,FALSE),"0#")&"," -> 170, | ... AN112: =TEXT(VLOOKUP(AN10,Sheet1!$A$2:$L$257,12,FALSE),"0#")&"," -> 0, | AO112: =TEXT(VLOOKUP(AO10,Sheet1!$A$2:$L$257,12,FALSE),"0#") -> 0
A113: db | B113: =TEXT(VLOOKUP(B11,Sheet1!$A$2:$L$257,12,FALSE),"0#")&"," -> 0, | C113: =TEXT(VLOOKUP(C11,Sheet1!$A$2:$L$257,12,FALSE),"0#")&"," -> 0, | D113: =TEXT(VLOOKUP(D11,Sheet1!$A$2:$L$257,12,FALSE),"0#")&"," -> 0, | E113: =TEXT(VLOOKUP(E11,Sheet1!$A$2:$L$257,12,FALSE),"0#")&"," -> 171, | F113: =TEXT(VLOOKUP(F11,Sheet1!$A$2:$L$257,12,FALSE),"0#")&"," -> 255, | G113: =TEXT(VLOOKUP(G11,Sheet1!$A$2:$L$257,12,FALSE),"0#")&"," -> 255, | H113: =TEXT(VLOOKUP(H11,Sheet1!$A$2:$L$257,12,FALSE),"0#")&"," -> 254, | I113: =TEXT(VLOOKUP(I11,Sheet1!$A$2:$L$257,12,FALSE),"0#")&"," -> 191, | ... AN113: =TEXT(VLOOKUP(AN11,Sheet1!$A$2:$L$257,12,FALSE),"0#")&"," -> 0, | AO113: =TEXT(VLOOKUP(AO11,Sheet1!$A$2:$L$257,12,FALSE),"0#") -> 0
A114: db | B114: =TEXT(VLOOKUP(B12,Sheet1!$A$2:$L$257,12,FALSE),"0#")&"," -> 0, | C114: =TEXT(VLOOKUP(C12,Sheet1!$A$2:$L$257,12,FALSE),"0#")&"," -> 0, | D114: =TEXT(VLOOKUP(D12,Sheet1!$A$2:$L$257,12,FALSE),"0#")&"," -> 0, | E114: =TEXT(VLOOKUP(E12,Sheet1!$A$2:$L$257,12,FALSE),"0#")&"," -> 171, | F114: =TEXT(VLOOKUP(F12,Sheet1!$A$2:$L$257,12,FALSE),"0#")&"," -> 255, | G114: =TEXT(VLOOKUP(G12,Sheet1!$A$2:$L$257,12,FALSE),"0#")&"," -> 255, | H114: =TEXT(VLOOKUP(H12,Sheet1!$A$2:$L$257,12,FALSE),"0#")&"," -> 250, | I114: =TEXT(VLOOKUP(I12,Sheet1!$A$2:$L$257,12,FALSE),"0#")&"," -> 191, | ... AN114: =TEXT(VLOOKUP(AN12,Sheet1!$A$2:$L$257,12,FALSE),"0#")&"," -> 0, | AO114: =TEXT(VLOOKUP(AO12,Sheet1!$A$2:$L$257,12,FALSE),"0#") -> 0
... A202: db | B202: =TEXT(VLOOKUP(B100,Sheet1!$A$2:$L$257,12,FALSE),"0#")&"," -> 0, | C202: =TEXT(VLOOKUP(C100,Sheet1!$A$2:$L$257,12,FALSE),"0#")&"," -> 0, | D202: =TEXT(VLOOKUP(D100,Sheet1!$A$2:$L$257,12,FALSE),"0#")&"," -> 0, | E202: =TEXT(VLOOKUP(E100,Sheet1!$A$2:$L$257,12,FALSE),"0#")&"," -> 0, | F202: =TEXT(VLOOKUP(F100,Sheet1!$A$2:$L$257,12,FALSE),"0#")&"," -> 0, | G202: =TEXT(VLOOKUP(G100,Sheet1!$A$2:$L$257,12,FALSE),"0#")&"," -> 0, | H202: =TEXT(VLOOKUP(H100,Sheet1!$A$2:$L$257,12,FALSE),"0#")&"," -> 0, | I202: =TEXT(VLOOKUP(I100,Sheet1!$A$2:$L$257,12,FALSE),"0#")&"," -> 0, | ... AN202: =TEXT(VLOOKUP(AN100,Sheet1!$A$2:$L$257,12,FALSE),"0#")&"," -> 0, | AO202: =TEXT(VLOOKUP(AO100,Sheet1!$A$2:$L$257,12,FALSE),"0#") -> 0

Sheet Sheet1
B1: 192 | C1: 48 | D1: 12 | E1: 3
A2: 0 | B2: =_xlfn.BITRSHIFT(_xlfn.BITAND($A2,B$1),6) -> 0 | C2: =_xlfn.BITRSHIFT(_xlfn.BITAND($A2,C$1),4) -> 0 | D2: =_xlfn.BITRSHIFT(_xlfn.BITAND($A2,D$1),2) -> 0 | E2: =_xlfn.BITAND($A2,E$1) -> 0 | G2: =IF(B2=3,0,IF(B2=0,3,IF(B2=1,2,1))) -> 3 | H2: =IF(C2=3,0,IF(C2=0,3,IF(C2=1,2,1))) -> 3 | I2: =IF(D2=3,0,IF(D2=0,3,IF(D2=1,2,1))) -> 3 | J2: =IF(E2=3,0,IF(E2=0,3,IF(E2=1,2,1))) -> 3 | L2: =_xlfn.BITLSHIFT(G2,6)+_xlfn.BITLSHIFT(H2,4)+_xlfn.BITLSHIFT(I2,2)+J2 -> 255
A3: 1 | B3: =_xlfn.BITRSHIFT(_xlfn.BITAND($A3,B$1),6) -> 0 | C3: =_xlfn.BITRSHIFT(_xlfn.BITAND($A3,C$1),4) -> 0 | D3: =_xlfn.BITRSHIFT(_xlfn.BITAND($A3,D$1),2) -> 0 | E3: =_xlfn.BITAND($A3,E$1) -> 1 | G3: =IF(B3=3,0,IF(B3=0,3,IF(B3=1,2,1))) -> 3 | H3: =IF(C3=3,0,IF(C3=0,3,IF(C3=1,2,1))) -> 3 | I3: =IF(D3=3,0,IF(D3=0,3,IF(D3=1,2,1))) -> 3 | J3: =IF(E3=3,0,IF(E3=0,3,IF(E3=1,2,1))) -> 2 | L3: =_xlfn.BITLSHIFT(G3,6)+_xlfn.BITLSHIFT(H3,4)+_xlfn.BITLSHIFT(I3,2)+J3 -> 254
A4: 2 | B4: =_xlfn.BITRSHIFT(_xlfn.BITAND($A4,B$1),6) -> 0 | C4: =_xlfn.BITRSHIFT(_xlfn.BITAND($A4,C$1),4) -> 0 | D4: =_xlfn.BITRSHIFT(_xlfn.BITAND($A4,D$1),2) -> 0 | E4: =_xlfn.BITAND($A4,E$1) -> 2 | G4: =IF(B4=3,0,IF(B4=0,3,IF(B4=1,2,1))) -> 3 | H4: =IF(C4=3,0,IF(C4=0,3,IF(C4=1,2,1))) -> 3 | I4: =IF(D4=3,0,IF(D4=0,3,IF(D4=1,2,1))) -> 3 | J4: =IF(E4=3,0,IF(E4=0,3,IF(E4=1,2,1))) -> 1 | L4: =_xlfn.BITLSHIFT(G4,6)+_xlfn.BITLSHIFT(H4,4)+_xlfn.BITLSHIFT(I4,2)+J4 -> 253
A5: 3 | B5: =_xlfn.BITRSHIFT(_xlfn.BITAND($A5,B$1),6) -> 0 | C5: =_xlfn.BITRSHIFT(_xlfn.BITAND($A5,C$1),4) -> 0 | D5: =_xlfn.BITRSHIFT(_xlfn.BITAND($A5,D$1),2) -> 0 | E5: =_xlfn.BITAND($A5,E$1) -> 3 | G5: =IF(B5=3,0,IF(B5=0,3,IF(B5=1,2,1))) -> 3 | H5: =IF(C5=3,0,IF(C5=0,3,IF(C5=1,2,1))) -> 3 | I5: =IF(D5=3,0,IF(D5=0,3,IF(D5=1,2,1))) -> 3 | J5: =IF(E5=3,0,IF(E5=0,3,IF(E5=1,2,1))) -> 0 | L5: =_xlfn.BITLSHIFT(G5,6)+_xlfn.BITLSHIFT(H5,4)+_xlfn.BITLSHIFT(I5,2)+J5 -> 252
A6: 4 | B6: =_xlfn.BITRSHIFT(_xlfn.BITAND($A6,B$1),6) -> 0 | C6: =_xlfn.BITRSHIFT(_xlfn.BITAND($A6,C$1),4) -> 0 | D6: =_xlfn.BITRSHIFT(_xlfn.BITAND($A6,D$1),2) -> 1 | E6: =_xlfn.BITAND($A6,E$1) -> 0 | G6: =IF(B6=3,0,IF(B6=0,3,IF(B6=1,2,1))) -> 3 | H6: =IF(C6=3,0,IF(C6=0,3,IF(C6=1,2,1))) -> 3 | I6: =IF(D6=3,0,IF(D6=0,3,IF(D6=1,2,1))) -> 2 | J6: =IF(E6=3,0,IF(E6=0,3,IF(E6=1,2,1))) -> 3 | L6: =_xlfn.BITLSHIFT(G6,6)+_xlfn.BITLSHIFT(H6,4)+_xlfn.BITLSHIFT(I6,2)+J6 -> 251
A7: 5 | B7: =_xlfn.BITRSHIFT(_xlfn.BITAND($A7,B$1),6) -> 0 | C7: =_xlfn.BITRSHIFT(_xlfn.BITAND($A7,C$1),4) -> 0 | D7: =_xlfn.BITRSHIFT(_xlfn.BITAND($A7,D$1),2) -> 1 | E7: =_xlfn.BITAND($A7,E$1) -> 1 | G7: =IF(B7=3,0,IF(B7=0,3,IF(B7=1,2,1))) -> 3 | H7: =IF(C7=3,0,IF(C7=0,3,IF(C7=1,2,1))) -> 3 | I7: =IF(D7=3,0,IF(D7=0,3,IF(D7=1,2,1))) -> 2 | J7: =IF(E7=3,0,IF(E7=0,3,IF(E7=1,2,1))) -> 2 | L7: =_xlfn.BITLSHIFT(G7,6)+_xlfn.BITLSHIFT(H7,4)+_xlfn.BITLSHIFT(I7,2)+J7 -> 250
A8: 6 | B8: =_xlfn.BITRSHIFT(_xlfn.BITAND($A8,B$1),6) -> 0 | C8: =_xlfn.BITRSHIFT(_xlfn.BITAND($A8,C$1),4) -> 0 | D8: =_xlfn.BITRSHIFT(_xlfn.BITAND($A8,D$1),2) -> 1 | E8: =_xlfn.BITAND($A8,E$1) -> 2 | G8: =IF(B8=3,0,IF(B8=0,3,IF(B8=1,2,1))) -> 3 | H8: =IF(C8=3,0,IF(C8=0,3,IF(C8=1,2,1))) -> 3 | I8: =IF(D8=3,0,IF(D8=0,3,IF(D8=1,2,1))) -> 2 | J8: =IF(E8=3,0,IF(E8=0,3,IF(E8=1,2,1))) -> 1 | L8: =_xlfn.BITLSHIFT(G8,6)+_xlfn.BITLSHIFT(H8,4)+_xlfn.BITLSHIFT(I8,2)+J8 -> 249
A9: 7 | B9: =_xlfn.BITRSHIFT(_xlfn.BITAND($A9,B$1),6) -> 0 | C9: =_xlfn.BITRSHIFT(_xlfn.BITAND($A9,C$1),4) -> 0 | D9: =_xlfn.BITRSHIFT(_xlfn.BITAND($A9,D$1),2) -> 1 | E9: =_xlfn.BITAND($A9,E$1) -> 3 | G9: =IF(B9=3,0,IF(B9=0,3,IF(B9=1,2,1))) -> 3 | H9: =IF(C9=3,0,IF(C9=0,3,IF(C9=1,2,1))) -> 3 | I9: =IF(D9=3,0,IF(D9=0,3,IF(D9=1,2,1))) -> 2 | J9: =IF(E9=3,0,IF(E9=0,3,IF(E9=1,2,1))) -> 0 | L9: =_xlfn.BITLSHIFT(G9,6)+_xlfn.BITLSHIFT(H9,4)+_xlfn.BITLSHIFT(I9,2)+J9 -> 248
A10: 8 | B10: =_xlfn.BITRSHIFT(_xlfn.BITAND($A10,B$1),6) -> 0 | C10: =_xlfn.BITRSHIFT(_xlfn.BITAND($A10,C$1),4) -> 0 | D10: =_xlfn.BITRSHIFT(_xlfn.BITAND($A10,D$1),2) -> 2 | E10: =_xlfn.BITAND($A10,E$1) -> 0 | G10: =IF(B10=3,0,IF(B10=0,3,IF(B10=1,2,1))) -> 3 | H10: =IF(C10=3,0,IF(C10=0,3,IF(C10=1,2,1))) -> 3 | I10: =IF(D10=3,0,IF(D10=0,3,IF(D10=1,2,1))) -> 1 | J10: =IF(E10=3,0,IF(E10=0,3,IF(E10=1,2,1))) -> 3 | L10: =_xlfn.BITLSHIFT(G10,6)+_xlfn.BITLSHIFT(H10,4)+_xlfn.BITLSHIFT(I10,2)+J10 -> 247
A11: 9 | B11: =_xlfn.BITRSHIFT(_xlfn.BITAND($A11,B$1),6) -> 0 | C11: =_xlfn.BITRSHIFT(_xlfn.BITAND($A11,C$1),4) -> 0 | D11: =_xlfn.BITRSHIFT(_xlfn.BITAND($A11,D$1),2) -> 2 | E11: =_xlfn.BITAND($A11,E$1) -> 1 | G11: =IF(B11=3,0,IF(B11=0,3,IF(B11=1,2,1))) -> 3 | H11: =IF(C11=3,0,IF(C11=0,3,IF(C11=1,2,1))) -> 3 | I11: =IF(D11=3,0,IF(D11=0,3,IF(D11=1,2,1))) -> 1 | J11: =IF(E11=3,0,IF(E11=0,3,IF(E11=1,2,1))) -> 2 | L11: =_xlfn.BITLSHIFT(G11,6)+_xlfn.BITLSHIFT(H11,4)+_xlfn.BITLSHIFT(I11,2)+J11 -> 246
A12: 10 | B12: =_xlfn.BITRSHIFT(_xlfn.BITAND($A12,B$1),6) -> 0 | C12: =_xlfn.BITRSHIFT(_xlfn.BITAND($A12,C$1),4) -> 0 | D12: =_xlfn.BITRSHIFT(_xlfn.BITAND($A12,D$1),2) -> 2 | E12: =_xlfn.BITAND($A12,E$1) -> 2 | G12: =IF(B12=3,0,IF(B12=0,3,IF(B12=1,2,1))) -> 3 | H12: =IF(C12=3,0,IF(C12=0,3,IF(C12=1,2,1))) -> 3 | I12: =IF(D12=3,0,IF(D12=0,3,IF(D12=1,2,1))) -> 1 | J12: =IF(E12=3,0,IF(E12=0,3,IF(E12=1,2,1))) -> 1 | L12: =_xlfn.BITLSHIFT(G12,6)+_xlfn.BITLSHIFT(H12,4)+_xlfn.BITLSHIFT(I12,2)+J12 -> 245
A13: 11 | B13: =_xlfn.BITRSHIFT(_xlfn.BITAND($A13,B$1),6) -> 0 | C13: =_xlfn.BITRSHIFT(_xlfn.BITAND($A13,C$1),4) -> 0 | D13: =_xlfn.BITRSHIFT(_xlfn.BITAND($A13,D$1),2) -> 2 | E13: =_xlfn.BITAND($A13,E$1) -> 3 | G13: =IF(B13=3,0,IF(B13=0,3,IF(B13=1,2,1))) -> 3 | H13: =IF(C13=3,0,IF(C13=0,3,IF(C13=1,2,1))) -> 3 | I13: =IF(D13=3,0,IF(D13=0,3,IF(D13=1,2,1))) -> 1 | J13: =IF(E13=3,0,IF(E13=0,3,IF(E13=1,2,1))) -> 0 | L13: =_xlfn.BITLSHIFT(G13,6)+_xlfn.BITLSHIFT(H13,4)+_xlfn.BITLSHIFT(I13,2)+J13 -> 244
... A257: 255 | B257: =_xlfn.BITRSHIFT(_xlfn.BITAND($A257,B$1),6) -> 3 | C257: =_xlfn.BITRSHIFT(_xlfn.BITAND($A257,C$1),4) -> 3 | D257: =_xlfn.BITRSHIFT(_xlfn.BITAND($A257,D$1),2) -> 3 | E257: =_xlfn.BITAND($A257,E$1) -> 3 | G257: =IF(B257=3,0,IF(B257=0,3,IF(B257=1,2,1))) -> 0 | H257: =IF(C257=3,0,IF(C257=0,3,IF(C257=1,2,1))) -> 0 | I257: =IF(D257=3,0,IF(D257=0,3,IF(D257=1,2,1))) -> 0 | J257: =IF(E257=3,0,IF(E257=0,3,IF(E257=1,2,1))) -> 0 | L257: =_xlfn.BITLSHIFT(G257,6)+_xlfn.BITLSHIFT(H257,4)+_xlfn.BITLSHIFT(I257,2)+J257 -> 0
